country,iso2c,iso3c,year,status,lastupdated,NY.GDP.MKTP.KD.ZG,NY.GNP.PCAP.CD,NE.EXP.GNFS.ZS,NE.GDI.TOTL.ZS,FP.CPI.TOTL,SL.UEM.TOTL.ZS,region,capital,longitude,latitude,income,lending
Afghanistan,AF,AFG,2023,,2025-07-01,2.26694373649188,370,16.8527881206002,15.2924823859473,180.44840108089,13.991,South Asia,Kabul,69.1761,34.5228,Low income,IDA
Africa Eastern and Southern,ZH,AFE,2023,,2025-07-01,1.89130738721937,1565.55289949765,25.544702781512,20.7581957624129,NA,7.80636542181197,Aggregates,,,,Aggregates,Aggregates
Africa Western and Central,ZI,AFW,2023,,2025-07-01,3.35798699488655,1697.19070871757,NA,NA,NA,3.27724546605141,Aggregates,,,,Aggregates,Aggregates
Albania,AL,ALB,2023,,2025-07-01,3.93661689192599,7680,38.6650808341863,22.9107217576367,138.021863913783,10.108,Europe & Central Asia,Tirane,19.8172,41.3317,Upper middle income,IBRD
Algeria,DZ,DZA,2023,,2025-07-01,4.10000000005964,4950,23.6195363708424,37.724946210066,198.550857618244,11.701,Middle East & North Africa,Algiers,3.05097,36.7397,Upper middle income,IBRD
American Samoa,AS,ASM,2023,,2025-07-01,NA,NA,NA,NA,NA,NA,East Asia & Pacific,Pago Pago,-170.691,-14.2846,High income,Not classified
Andorra,AD,AND,2023,,2025-07-01,2.58355480961319,47920,NA,NA,NA,NA,Europe & Central Asia,Andorra la Vella,1.5218,42.5075,High income,Not classified
Angola,AO,AGO,2023,,2025-07-01,1.07809951970673,2130,40.8324662400402,23.7790911131562,804.965533144132,14.537,Sub-Saharan Africa,Luanda,13.242,-8.81155,Lower middle income,IBRD
Antigua and Barbuda,AG,ATG,2023,,2025-07-01,2.42736300110336,19880,NA,NA,133.943906030246,NA,Latin America & Caribbean,Saint John's,-61.8456,17.1175,High income,IBRD
Arab World,1A,ARB,2023,,2025-07-01,1.5043551993806,7591.1925401276,47.2825986925989,26.573808840727,NA,9.58139714330623,Aggregates,,,,Aggregates,Aggregates
Argentina,AR,ARG,2023,,2025-07-01,-1.61100162090189,12890,12.7492457826544,19.3715390134256,NA,6.139,Latin America & Caribbean,Buenos Aires,-58.4173,-34.6118,Upper middle income,IBRD
Armenia,AM,ARM,2023,,2025-07-01,8.29999999959539,6840,59.4520856749187,21.2953732476126,155.258355482585,13.245,Europe & Central Asia,Yerevan,44.509,40.1596,Upper middle income,IBRD
Aruba,AW,ABW,2023,,2025-07-01,4.26371941452948,30120,88.3437862789056,21.4610014922559,NA,NA,Latin America & Caribbean,Oranjestad,-70.0167,12.5167,High income,Not classified
Australia,AU,AUS,2023,,2025-07-01,3.44199220009025,63160,26.7992411333458,23.9740168793693,139.880332986472,3.668,East Asia & Pacific,Canberra,149.129,-35.282,High income,Not classified
Austria,AT,AUT,2023,,2025-07-01,-0.954962529389121,55220,59.4645666223774,25.4080151070422,143.946494832533,5.264,Europe & Central Asia,Vienna,16.3798,48.2201,High income,Not classified
Azerbaijan,AZ,AZE,2023,,2025-07-01,1.35447731755447,6670,48.9964135000536,17.7431851628057,212.959661766667,5.636,Europe & Central Asia,Baku,49.8932,40.3834,Upper middle income,IBRD
"Bahamas, The",BS,BHS,2023,,2025-07-01,3.0487749628502,35540,37.8114502367185,22.8631485204272,130.204684513872,8.643,Latin America & Caribbean,Nassau,-77.339,25.0661,High income,Not classified
Bahrain,BH,BHR,2023,,2025-07-01,3.87811614845566,28460,87.351143952571,29.2640793410082,119.586099949687,1.154,Middle East & North Africa,Manama,50.5354,26.1921,High income,Not classified
Bangladesh,BD,BGD,2023,,2025-07-01,5.77511237007889,2880,13.1571638341204,30.9512000834944,237.199569600947,4.454,South Asia,Dhaka,90.4113,23.7055,Lower middle income,IDA
Barbados,BB,BRB,2023,,2025-07-01,4.09382010970572,22870,NA,NA,170.890071679653,7.878,Latin America & Caribbean,Bridgetown,-59.6105,13.0935,High income,IBRD
Belarus,BY,BLR,2023,,2025-07-01,4.12654007153881,7850,66.0267285714941,24.7116791837371,710.463188170058,3.461,Europe & Central Asia,Minsk,27.5766,53.9678,Upper middle income,IBRD
Belgium,BE,BEL,2023,,2025-07-01,1.201691781997,55020,84.1806318555753,25.3621964476176,137.819385631235,5.528,Europe & Central Asia,Brussels,4.36761,50.8371,High income,Not classified
Belize,BZ,BLZ,2023,,2025-07-01,1.14901682065862,6890,55.292084712327,18.2747688996853,121.734880395108,8.267,Latin America & Caribbean,Belmopan,-88.7713,17.2534,Upper middle income,Blend
Benin,BJ,BEN,2023,,2025-07-01,6.3527773854442,1390,20.003519091069,34.5306621756362,120.832723939286,1.657,Sub-Saharan Africa,Porto-Novo,2.6323,6.4779,Lower middle income,IDA
Bermuda,BM,BMU,2023,,2025-07-01,4.9172155726416404,134500,50.231290829656,11.1992411450802,NA,NA,North America,Hamilton,-64.706,32.3293,High income,Not classified
Bhutan,BT,BTN,2023,,2025-07-01,4.88259396253632,3740,28.3283362040587,45.1837179455795,212.180694578194,3.126,South Asia,Thimphu,89.6177,27.5768,Lower middle income,IDA
Bolivia,BO,BOL,2023,,2025-07-01,3.08196521047731,3620,25.5322398177202,17.6169589634039,157.40476617273,3.024,Latin America & Caribbean,La Paz,-66.1936,-13.9908,Lower middle income,IBRD
Bosnia and Herzegovina,BA,BIH,2023,,2025-07-01,1.99439520319464,8270,43.9317500098107,26.324210390014,128.060556205188,10.668,Europe & Central Asia,Sarajevo,18.4214,43.8607,Upper middle income,IBRD
Botswana,BW,BWA,2023,,2025-07-01,3.20806812224438,8360,32.2498582865187,30.2958784873742,191.981583240697,23.381,Sub-Saharan Africa,Gaborone,25.9201,-24.6544,Upper middle income,IBRD
Brazil,BR,BRA,2023,,2025-07-01,3.24165532906981,9310,17.9693243032741,15.7606472065087,213.87513528772,7.947,Latin America & Caribbean,Brasilia,-47.9292,-15.7801,Upper middle income,IBRD
British Virgin Islands,VG,VGB,2023,,2025-07-01,NA,NA,NA,NA,NA,NA,Latin America & Caribbean,Road Town,-64.623056,18.431389,High income,Not classified
Brunei Darussalam,BN,BRN,2023,,2025-07-01,1.12764419161606,34390,76.7032024347733,29.6282075098656,106.859907015157,5.183,East Asia & Pacific,Bandar Seri Begawan,114.946,4.94199,High income,Not classified
Bulgaria,BG,BGR,2023,,2025-07-01,1.88681483907177,14270,61.8853159708659,19.749565552763,151.670713970091,4.319,Europe & Central Asia,Sofia,23.3238,42.7105,High income,IBRD
Burkina Faso,BF,BFA,2023,,2025-07-01,2.96018147384929,860,28.8622955091639,22.5438564249502,131.759116014267,5.348,Sub-Saharan Africa,Ouagadougou,-1.53395,12.3605,Low income,IDA
Burundi,BI,BDI,2023,,2025-07-01,2.66553960418187,220,5.28894769459975,13.0504574343386,319.517907407394,0.921,Sub-Saharan Africa,Bujumbura,29.3639,-3.3784,Low income,IDA
Cabo Verde,CV,CPV,2023,,2025-07-01,5.3911442736601,4780,38.3233918719733,19.345046443029,126.774290191905,11.971,Sub-Saharan Africa,Praia,-23.5087,14.9218,Lower middle income,Blend
Cambodia,KH,KHM,2023,,2025-07-01,5.00733043812642,2390,66.8926660552171,33.2944796211269,148.306623905508,0.225,East Asia & Pacific,Phnom Penh,104.874,11.5556,Lower middle income,IDA
Cameroon,CM,CMR,2023,,2025-07-01,3.24834497823876,1690,16.6141431983781,19.5166502739918,141.818332882446,3.613,Sub-Saharan Africa,Yaounde,11.5174,3.8721,Lower middle income,Blend
Canada,CA,CAN,2023,,2025-07-01,1.52874550838358,54660,33.3498760996793,23.8949011694691,134.895535203205,5.415,North America,Ottawa,-75.6919,45.4215,High income,Not classified
Caribbean small states,S3,CSS,2023,,2025-07-01,9.00795196227071,17014.8415176528,NA,NA,NA,7.82188402128467,Aggregates,,,,Aggregates,Aggregates
Cayman Islands,KY,CYM,2023,,2025-07-01,4.35967595700366,NA,NA,NA,NA,NA,Latin America & Caribbean,George Town,-81.3857,19.3022,High income,Not classified
Central African Republic,CF,CAF,2023,,2025-07-01,0.69996838992121,530,14.4408262093734,23.7477562200269,175.005796934209,5.877,Sub-Saharan Africa,Bangui,21.6407,5.63056,Low income,IDA
Central Europe and the Baltics,B8,CEB,2023,,2025-07-01,0.763278131880284,20661.3186053039,62.7377464957111,22.2827886193545,NA,4.01405105340076,Aggregates,,,,Aggregates,Aggregates
Chad,TD,TCD,2023,,2025-07-01,4.11745179201004,1000,29.8289360129747,18.4199558929884,143.049515597449,1.074,Sub-Saharan Africa,N'Djamena,15.0445,12.1048,Low income,IDA
Channel Islands,JG,CHI,2023,,2025-07-01,3.71500590367266,NA,NA,NA,NA,6.187,Europe & Central Asia,,,,High income,Not classified
Chile,CL,CHL,2023,,2025-07-01,0.521367977246825,15950,30.8110620735322,23.3620550113744,170.651472801548,9.013,Latin America & Caribbean,Santiago,-70.6475,-33.475,High income,IBRD
China,CN,CHN,2023,,2025-07-01,5.41484330099675,13730,19.1024717160831,41.1297102455381,132.229151902431,4.67,East Asia & Pacific,Beijing,116.286,40.0495,Upper middle income,IBRD
Colombia,CO,COL,2023,,2025-07-01,0.712380031974334,6720,17.8316784070298,16.4396849097732,184.119324369034,9.594,Latin America & Caribbean,Bogota,-74.082,4.60987,Upper middle income,IBRD
Comoros,KM,COM,2023,,2025-07-01,3.06466236855576,1660,10.3548806130228,13.0144879394462,NA,3.776,Sub-Saharan Africa,Moroni,43.2418,-11.6986,Lower middle income,IDA
"Congo, Dem. Rep.",CD,COD,2023,,2025-07-01,8.60908972348436,640,43.8344443321263,31.9911658704491,NA,4.484,Sub-Saharan Africa,Kinshasa,15.3222,-4.325,Low income,IDA
"Congo, Rep.",CG,COG,2023,,2025-07-01,1.90686426346754,2450,56.8959278033859,25.2109559920067,138.814612802413,19.898,Sub-Saharan Africa,Brazzaville,15.2662,-4.2767,Lower middle income,Blend
Costa Rica,CR,CRI,2023,,2025-07-01,5.11192183229137,14260,38.9156320351955,15.2565937229588,143.695505220117,8.325,Latin America & Caribbean,San Jose,-84.0089,9.63701,Upper middle income,IBRD
Cote d'Ivoire,CI,CIV,2023,,2025-07-01,6.45045796902575,2500,24.2511906286167,26.0965109188638,130.764985523184,2.27,Sub-Saharan Africa,Yamoussoukro,-4.0305,5.332,Lower middle income,IDA
Croatia,HR,HRV,2023,,2025-07-01,3.30254488086325,20590,52.9341592859634,23.2818000891938,134.878310665712,6.086,Europe & Central Asia,Zagreb,15.9614,45.8069,High income,IBRD
Cuba,CU,CUB,2023,,2025-07-01,-1.92937123169681,NA,43.5196966524549,22.2587933743963,NA,1.719,Latin America & Caribbean,Havana,-82.3667,23.1333,Upper middle income,Not classified
Curacao,CW,CUW,2023,,2025-07-01,4.20199999999993,20990,NA,NA,NA,NA,Latin America & Caribbean,Willemstad,,,High income,Not classified
Cyprus,CY,CYP,2023,,2025-07-01,2.76390975419605,32960,97.15784520537,20.6412484701255,117.114122395083,6.098,Europe & Central Asia,Nicosia,33.3736,35.1676,High income,Not classified
Czechia,CZ,CZE,2023,,2025-07-01,-0.0552618201120225,29130,68.977944295801,28.0166851129247,158.923132055187,2.579,Europe & Central Asia,Prague,14.4205,50.0878,High income,Not classified
Denmark,DK,DNK,2023,,2025-07-01,2.49518434516773,73340,67.9596433833598,22.8265168619473,125.569145611999,5.094,Europe & Central Asia,Copenhagen,12.5681,55.6763,High income,Not classified
Djibouti,DJ,DJI,2023,,2025-07-01,7.37207148701995,3510,150.021568191427,-3.23994971278298,132.196520309031,26.154,Middle East & North Africa,Djibouti,43.1425,11.5806,Lower middle income,IDA
Dominica,DM,DMA,2023,,2025-07-01,3.65221012208734,9990,NA,NA,117.954720930583,NA,Latin America & Caribbean,Roseau,-61.39,15.2976,Upper middle income,Blend
Dominican Republic,DO,DOM,2023,,2025-07-01,2.19229848237939,9700,21.3233165320401,27.8145628515185,169.2906134919,5.555,Latin America & Caribbean,Santo Domingo,-69.8908,18.479,Upper middle income,IBRD
Early-demographic dividend,V2,EAR,2023,,2025-07-01,4.61090087002268,4259.1703873014,25.7472793648206,27.8720095318781,NA,5.26002950548056,Aggregates,,,,Aggregates,Aggregates
East Asia & Pacific,Z4,EAS,2023,,2025-07-01,4.19395495059558,13919.0477250635,29.738350190952,35.0311740821055,NA,3.85771165493103,Aggregates,,,,Aggregates,Aggregates
East Asia & Pacific (excluding high income),4E,EAP,2023,,2025-07-01,5.25477821929516,10656.8973883815,23.0413732527109,39.1411022093932,NA,3.97239658895814,Aggregates,,,,Aggregates,Aggregates
East Asia & Pacific (IDA & IBRD countries),T4,TEA,2023,,2025-07-01,5.25471763539007,10776.8154840505,23.0394346560225,39.1411788525763,NA,3.99023937769226,Aggregates,,,,Aggregates,Aggregates
Ecuador,EC,ECU,2023,,2025-07-01,1.98823813984235,6590,28.5659295875425,20.650593270293,131.021069370666,3.51,Latin America & Caribbean,Quito,-78.5243,-0.229498,Upper middle income,IBRD
"Egypt, Arab Rep.",EG,EGY,2023,,2025-07-01,3.76028052279247,3840,19.1060913405676,16.4907339937373,486.342894474661,7.334,Middle East & North Africa,Cairo,31.2461,30.0982,Lower middle income,IBRD
El Salvador,SV,SLV,2023,,2025-07-01,3.5391566928735,4950,31.3971431390261,20.6846824919049,127.883032020654,2.992,Latin America & Caribbean,San Salvador,-89.2073,13.7034,Upper middle income,IBRD
Equatorial Guinea,GQ,GNQ,2023,,2025-07-01,-5.08930872071532,4840,36.6023261927194,9.3599926039255,NA,8.367,Sub-Saharan Africa,Malabo,8.7741,3.7523,Upper middle income,IBRD
Eritrea,ER,ERI,2023,,2025-07-01,NA,NA,NA,NA,NA,5.586,Sub-Saharan Africa,Asmara,38.9183,15.3315,Low income,IDA
Estonia,EE,EST,2023,,2025-07-01,-3.02303874520777,27580,77.8577030027173,27.694515970385,165.860163840732,6.378,Europe & Central Asia,Tallinn,24.7586,59.4392,High income,Not classified
Eswatini,SZ,SWZ,2023,,2025-07-01,3.44447831200682,3750,48.6803030875504,19.1936231330313,NA,35.086,Sub-Saharan Africa,Mbabane,31.4659,-26.5225,Lower middle income,Blend
Ethiopia,ET,ETH,2023,,2025-07-01,6.59424599357075,NA,6.59591829014293,22.1694039604718,858.423451765946,3.402,Sub-Saharan Africa,Addis Ababa,38.7468,9.02274,Low income,IDA
Euro area,XC,EMU,2023,,2025-07-01,0.418696305054439,44564.6671933946,50.5594785725242,22.300600790466,NA,6.55796314641263,Aggregates,,,,Aggregates,Aggregates
Europe & Central Asia,Z7,ECS,2023,,2025-07-01,1.06944651645082,29376.0444000929,46.5138614332993,22.6730682238376,NA,5.58635253535466,Aggregates,,,,Aggregates,Aggregates
Europe & Central Asia (excluding high income),7E,ECA,2023,,2025-07-01,5.07584002798598,7754.05028057722,35.0278947452054,27.8516414813176,NA,7.33312751129511,Aggregates,,,,Aggregates,Aggregates
Europe & Central Asia (IDA & IBRD countries),T7,TEC,2023,,2025-07-01,3.84175701063837,11479.0437923345,34.7234720485217,25.6853379091761,NA,5.16033097228572,Aggregates,,,,Aggregates,Aggregates
European Union,EU,EUU,2023,,2025-07-01,0.455502395989242,40801.6527032609,51.9471867990741,22.3887099308377,NA,6.02506580748964,Aggregates,,,,Aggregates,Aggregates
Faroe Islands,FO,FRO,2023,,2025-07-01,2.4890581166362,72200,57.7188961490028,31.0048550721946,NA,NA,Europe & Central Asia,Torshavn,-6.91181,61.8926,High income,Not classified
Fiji,FJ,FJI,2023,,2025-07-01,7.5242913513424,5680,56.9664160531993,19.7795954329322,137.796480489671,4.322,East Asia & Pacific,Suva,178.399,-18.1149,Upper middle income,Blend
Finland,FI,FIN,2023,,2025-07-01,-0.946904862611035,53120,43.0963186720531,22.9883203437177,131.040820253141,7.151,Europe & Central Asia,Helsinki,24.9525,60.1608,High income,Not classified
Fragile and conflict affected situations,F1,FCS,2023,,2025-07-01,1.97361893816878,1810.6902346131,NA,NA,NA,5.20087833966654,Aggregates,,,,Aggregates,Aggregates
France,FR,FRA,2023,,2025-07-01,0.936487518850853,45440,34.2800305804742,23.1533644509286,124.027345193475,7.335,Europe & Central Asia,Paris,2.35097,48.8566,High income,Not classified
French Polynesia,PF,PYF,2023,,2025-07-01,2.99692707779566,25270,23.0725568214793,21.713682309294,NA,11.749,East Asia & Pacific,Papeete,-149.57,-17.535,High income,Not classified
Gabon,GA,GAB,2023,,2025-07-01,2.44588083096593,7750,64.1662438605367,17.5342876977906,135.70604334892,20.278,Sub-Saharan Africa,Libreville,9.45162,0.38832,Upper middle income,IBRD
"Gambia, The",GM,GMB,2023,,2025-07-01,4.79750894530943,870,9.60449609977691,27.2873451192374,256.267499051756,6.479,Sub-Saharan Africa,Banjul,-16.5885,13.4495,Low income,IDA
Georgia,GE,GEO,2023,,2025-07-01,7.83220126555726,6710,49.2670598313658,24.9987945206376,176.623016666667,11.537,Europe & Central Asia,Tbilisi,44.793,41.71,Upper middle income,IBRD
Germany,DE,DEU,2023,,2025-07-01,-0.266438401180253,54960,43.4023485563427,21.6725400485002,131.892448207044,3.068,Europe & Central Asia,Berlin,13.4115,52.5235,High income,Not classified
Ghana,GH,GHA,2023,,2025-07-01,3.14009099763754,2280,31.7708164934404,9.8998610781632,609.972588583069,3.063,Sub-Saharan Africa,Accra,-0.20795,5.57045,Lower middle income,IDA
Gibraltar,GI,GIB,2023,,2025-07-01,NA,NA,NA,NA,NA,NA,Europe & Central Asia,,,,High income,Not classified
Greece,GR,GRC,2023,,2025-07-01,2.33212444945818,22320,43.7082588320458,16.7312327593368,115.61014338928,11.066,Europe & Central Asia,Athens,23.7166,37.9792,High income,Not classified
Greenland,GL,GRL,2023,,2025-07-01,0.865961986998158,NA,40.7986421686905,35.9956193360065,NA,NA,Europe & Central Asia,Nuuk,-51.7214,64.1836,High income,Not classified
Grenada,GD,GRD,2023,,2025-07-01,4.67976181593586,10110,NA,NA,114.381235918893,NA,Latin America & Caribbean,Saint George's,-61.7449,12.0653,Upper middle income,Blend
Guam,GU,GUM,2023,,2025-07-01,NA,NA,NA,NA,NA,5.363,East Asia & Pacific,Agana,144.794,13.4443,High income,Not classified
Guatemala,GT,GTM,2023,,2025-07-01,3.53315670086947,5470,16.6062374569223,16.4754429310232,174.59367205225,2.344,Latin America & Caribbean,Guatemala City,-90.5328,14.6248,Upper middle income,IBRD
Guinea,GN,GIN,2023,,2025-07-01,5.54172668627702,1340,44.1320630492989,23.4269896966463,389.954566905293,5.244,Sub-Saharan Africa,Conakry,-13.7,9.51667,Lower middle income,IDA
Guinea-Bissau,GW,GNB,2023,,2025-07-01,4.46369936133392,970,13.6836947403522,18.9621476231489,136.561105409253,2.65,Sub-Saharan Africa,Bissau,-15.1804,11.8037,Low income,IDA
Guyana,GY,GUY,2023,,2025-07-01,33.795011115873,17770,NA,NA,134.478057859335,12.025,Latin America & Caribbean,Georgetown,-58.1548,6.80461,High income,IDA
Haiti,HT,HTI,2023,,2025-07-01,-1.86388420254838,1760,5.27068998656754,13.8536836673602,559.741538412178,14.556,Latin America & Caribbean,Port-au-Prince,-72.3288,18.5392,Lower middle income,IDA
Heavily indebted poor countries (HIPC),XE,HPC,2023,,2025-07-01,3.48120555757743,1112.44609856046,22.7843129137182,23.5986809898562,NA,4.22661765181006,Aggregates,,,,Aggregates,Aggregates
High income,XD,,2023,,2025-07-01,1.82132848641614,48706.1531488396,32.0389191177766,22.7569583182421,NA,4.33866016503834,NA,NA,NA,NA,NA,NA
Honduras,HN,HND,2023,,2025-07-01,3.57584760454412,2880,37.3686804713719,22.1864309601857,189.116778929842,6.07,Latin America & Caribbean,Tegucigalpa,-87.4667,15.1333,Lower middle income,IDA
"Hong Kong SAR, China",HK,HKG,2023,,2025-07-01,3.21448901714471,54910,176.786161373995,16.1391759125162,142.610948411804,2.949,East Asia & Pacific,,114.109,22.3964,High income,Not classified
Hungary,HU,HUN,2023,,2025-07-01,-0.842528840639091,19860,80.8351502079434,25.89744060362,177.341119890072,4.107,Europe & Central Asia,Budapest,19.0408,47.4984,High income,Not classified
IBRD only,XF,IBD,2023,,2025-07-01,4.82049142032486,8033.92098439678,25.208685435714,32.7425042600253,NA,5.16478080156293,Aggregates,,,,Aggregates,Aggregates
Iceland,IS,ISL,2023,,2025-07-01,5.64646181923563,80760,43.441812995971,25.5065836691362,163.199594369605,3.518,Europe & Central Asia,Reykjavik,-21.8952,64.1353,High income,Not classified
IDA & IBRD total,ZT,IBT,2023,,2025-07-01,4.68591120713855,6225.09794690983,24.943334966537,32.6272519971283,NA,5.03556816039906,Aggregates,,,,Aggregates,Aggregates
IDA blend,XH,IDB,2023,,2025-07-01,2.73696664680223,1858.85392661952,NA,NA,NA,4.41508975162298,Aggregates,,,,Aggregates,Aggregates
IDA only,XI,IDX,2023,,2025-07-01,3.25749865131728,1349.19940089437,22.2904164850022,27.9539788051534,NA,4.74814682878326,Aggregates,,,,Aggregates,Aggregates
IDA total,XG,IDA,2023,,2025-07-01,3.00077652876006,1526.82659365938,22.287536482308,28.8898206836182,NA,4.6258035699256,Aggregates,,,,Aggregates,Aggregates
India,IN,IND,2023,,2025-07-01,9.19075493028345,2580,21.4486977833541,33.3623103638844,216.862025027426,4.172,South Asia,New Delhi,77.225,28.6353,Lower middle income,IBRD
Indonesia,ID,IDN,2023,,2025-07-01,5.04902331835997,4810,21.7538472039177,30.3425864737035,169.056700046911,3.308,East Asia & Pacific,Jakarta,106.83,-6.19752,Upper middle income,IBRD
"Iran, Islamic Rep.",IR,IRN,2023,,2025-07-01,5.04489019512138,4640,24.2011131759559,38.8321312363036,2140.21942916994,9.041,Middle East & North Africa,Tehran,51.4447,35.6878,Upper middle income,IBRD
Iraq,IQ,IRQ,2023,,2025-07-01,0.517705525131191,5920,39.6312322400043,24.0865197018349,139.784084815516,15.447,Middle East & North Africa,Baghdad,44.394,33.3302,Upper middle income,IBRD
Ireland,IE,IRL,2023,,2025-07-01,-5.5300073886596,78980,135.058214305059,26.3322520716791,124.594480724668,4.288,Europe & Central Asia,Dublin,-6.26749,53.3441,High income,Not classified
Isle of Man,IM,IMN,2023,,2025-07-01,NA,NA,NA,NA,NA,NA,Europe & Central Asia,Douglas,-4.47928,54.1509,High income,Not classified
Israel,IL,ISR,2023,,2025-07-01,1.82652049482384,54280,30.4105026275679,26.1101982037385,118.773947189852,3.596,Middle East & North Africa,,35.2035,31.7717,High income,Not classified
Italy,IT,ITA,2023,,2025-07-01,0.715372500867531,38610,33.5347636988069,22.9270710662995,128.617291886527,7.627,Europe & Central Asia,Rome,12.4823,41.8955,High income,Not classified
Jamaica,JM,JAM,2023,,2025-07-01,2.60466305532201,6220,NA,NA,212.674339878131,4.4,Latin America & Caribbean,Kingston,-76.792,17.9927,Upper middle income,IBRD
Japan,JP,JPN,2023,,2025-07-01,1.47503481053384,39360,21.8515912402593,26.1821637488649,111.364035858675,2.6,East Asia & Pacific,Tokyo,139.77,35.67,High income,Not classified
Jordan,JO,JOR,2023,,2025-07-01,2.88408339281683,4450,43.5168833945194,NA,135.895840722819,17.969,Middle East & North Africa,Amman,35.9263,31.9497,Lower middle income,IBRD
Kazakhstan,KZ,KAZ,2023,,2025-07-01,5.09999999999999,10690,34.5096606934855,29.8345237599711,288.035913621386,4.821,Europe & Central Asia,Astana,71.4382,51.1879,Upper middle income,IBRD
Kenya,KE,KEN,2023,,2025-07-01,5.55587301319866,2110,11.6861054407608,16.3568914711063,246.295256788022,5.567,Sub-Saharan Africa,Nairobi,36.8126,-1.27975,Lower middle income,Blend
Kiribati,KI,KIR,2023,,2025-07-01,2.65201087489879,3690,5.92034144011283,NA,121.133463779108,NA,East Asia & Pacific,Tarawa,172.979,1.32905,Lower middle income,IDA
"Korea, Dem. People's Rep.",KP,PRK,2023,,2025-07-01,NA,NA,NA,NA,NA,2.831,East Asia & Pacific,Pyongyang,125.754,39.0319,Low income,Not classified
"Korea, Rep.",KR,KOR,2023,,2025-07-01,1.35673324311098,35490,43.9956698686696,32.129273979048,129.195964772806,2.675,East Asia & Pacific,Seoul,126.957,37.5323,High income,Not classified
Kosovo,XK,XKX,2023,,2025-07-01,4.06762701436438,6290,39.64047566608,33.9456293075627,143.171601365813,NA,Europe & Central Asia,Pristina,20.926,42.565,Upper middle income,IDA
Kuwait,KW,KWT,2023,,2025-07-01,-1.66720589738431,42030,NA,NA,144.072391440901,2.127,Middle East & North Africa,Kuwait City,47.9824,29.3721,High income,Not classified
Kyrgyz Republic,KG,KGZ,2023,,2025-07-01,9.0132928339342,1840,36.8882232535821,34.4590059457311,233.709575724236,3.991,Europe & Central Asia,Bishkek,74.6057,42.8851,Lower middle income,IDA
Lao PDR,LA,LAO,2023,,2025-07-01,3.74568140158232,2110,NA,NA,239.071544726127,1.188,East Asia & Pacific,Vientiane,102.177,18.5826,Lower middle income,IDA
Late-demographic dividend,V3,LTE,2023,,2025-07-01,4.35348918461051,12640.2275658178,29.5178638620042,34.3133692589624,NA,4.80553835154898,Aggregates,,,,Aggregates,Aggregates
Latin America & Caribbean,ZJ,LCN,2023,,2025-07-01,2.25304157617974,9670.28011542921,25.2183823770656,19.4538584098506,NA,6.207431309296,NA,NA,NA,NA,NA,NA
Latin America & Caribbean (excluding high income),XJ,LAC,2023,,2025-07-01,2.18856946058862,9079.74661468499,23.8293409427245,19.1781493644345,NA,6.1015898433551,Aggregates,,,,Aggregates,Aggregates
Latin America & the Caribbean (IDA & IBRD countries),T2,TLA,2023,,2025-07-01,2.33861319300281,9540.39916954393,25.0864633410203,19.7478861785135,NA,6.27705803055615,Aggregates,,,,Aggregates,Aggregates
Latvia,LV,LVA,2023,,2025-07-01,2.85421800106587,21400,66.4606129012677,24.5729966745749,154.567925394545,6.465,Europe & Central Asia,Riga,24.1048,56.9465,High income,Not classified
Least developed countries: UN classification,XL,LDC,2023,,2025-07-01,3.05222026754709,1267.08432687632,21.9131731809783,29.322879052279,NA,4.94642314711997,Aggregates,,,,Aggregates,Aggregates
Lebanon,LB,LBN,2023,,2025-07-01,-0.760584470257314,3730,30.5514119674735,1.89754409912655,5336.65059176616,11.543,Middle East & North Africa,Beirut,35.5134,33.8872,Lower middle income,IBRD
Lesotho,LS,LSO,2023,,2025-07-01,1.82662525852363,1250,42.9229805805595,27.2206686483307,199.779473243937,16.457,Sub-Saharan Africa,Maseru,27.7167,-29.5208,Lower middle income,IDA
Liberia,LR,LBR,2023,,2025-07-01,4.68375688761311,720,NA,NA,423.153943398049,2.933,Sub-Saharan Africa,Monrovia,-10.7957,6.30039,Low income,IDA
Libya,LY,LBY,2023,,2025-07-01,10.1558181770326,5940,85.1137376753101,16.4803551353643,278.263946612131,18.753,Middle East & North Africa,Tripoli,13.1072,32.8578,Upper middle income,IBRD
Liechtenstein,LI,LIE,2023,,2025-07-01,NA,NA,NA,NA,NA,NA,Europe & Central Asia,Vaduz,9.52148,47.1411,High income,Not classified
Lithuania,LT,LTU,2023,,2025-07-01,0.342262716277261,25280,76.4728581033646,21.9341715222081,163.813865619739,6.841,Europe & Central Asia,Vilnius,25.2799,54.6896,High income,Not classified
Low & middle income,XO,LMY,2023,,2025-07-01,4.81773759371494,5908.52605541057,24.0113842096877,33.5267081673842,NA,5.0876774137298,Aggregates,,,,Aggregates,Aggregates
Low income,XM,,2023,,2025-07-01,-0.202242107619838,673.515604559036,24.8704328651718,22.1123364904802,NA,5.29735388770517,NA,NA,NA,NA,NA,NA
Lower middle income,XN,,2023,,2025-07-01,6.01632784783912,2532.10823987204,27.0276716143941,30.8884130242246,NA,4.41393600302162,NA,NA,NA,NA,NA,NA
Luxembourg,LU,LUX,2023,,2025-07-01,-0.693632727692318,89650,217.766476183877,17.3818575653208,131.233961233961,5.184,Europe & Central Asia,Luxembourg,6.1296,49.61,High income,Not classified
"Macao SAR, China",MO,MAC,2023,,2025-07-01,75.0618571360857,65190,91.3583589654724,15.4494108218169,147.469479571402,2.235,East Asia & Pacific,,113.55,22.1667,High income,Not classified
Madagascar,MG,MDG,2023,,2025-07-01,4.20304615803977,510,27.0030474850994,19.9083555489796,241.510481738622,3.069,Sub-Saharan Africa,Antananarivo,45.7167,-20.4667,Low income,IDA
Malawi,MW,MWI,2023,,2025-07-01,1.89245798756383,600,NA,NA,773.939571837271,5.033,Sub-Saharan Africa,Lilongwe,33.7703,-13.9899,Low income,IDA
Malaysia,MY,MYS,2023,,2025-07-01,3.55548715410509,11710,68.5819009768029,22.4702448103035,130.378270288285,3.869,East Asia & Pacific,Kuala Lumpur,101.684,3.12433,Upper middle income,IBRD
Maldives,MV,MDV,2023,,2025-07-01,4.72639195043021,11090,74.3820820551026,32.9712297892329,142.64078208493,4.241,South Asia,Male,73.5109,4.1742,Upper middle income,IDA
Mali,ML,MLI,2023,,2025-07-01,4.71716103989503,1010,24.8959819048903,22.3061487400934,126.969916905326,2.956,Sub-Saharan Africa,Bamako,-7.50034,13.5667,Low income,IDA
Malta,MT,MLT,2023,,2025-07-01,6.79631311118804,34500,124.594182131908,19.8359809434331,129.28510661979,3.11,Middle East & North Africa,Valletta,14.5189,35.9042,High income,Not classified
Marshall Islands,MH,MHL,2023,,2025-07-01,-3.93487109905021,7860,38.9224450443502,19.7239876590821,NA,NA,East Asia & Pacific,Majuro,171.135,7.11046,Upper middle income,IDA
Mauritania,MR,MRT,2023,,2025-07-01,6.50718719858594,2130,38.2879909023547,42.399632595093,164.572369168803,10.446,Sub-Saharan Africa,Nouakchott,-15.9824,18.2367,Lower middle income,IDA
Mauritius,MU,MUS,2023,,2025-07-01,5.00781381755621,12070,47.5343165361683,19.8822851162893,164.403192624939,5.571,Sub-Saharan Africa,Port Louis,57.4977,-20.1605,Upper middle income,IBRD
Mexico,MX,MEX,2023,,2025-07-01,3.2953909570288,12000,36.1666703433344,23.9387768488008,176.116003638578,2.765,Latin America & Caribbean,Mexico City,-99.1276,19.427,Upper middle income,IBRD
"Micronesia, Fed. Sts.",FM,FSM,2023,,2025-07-01,0.482147762457146,4130,28.3360992457907,NA,NA,NA,East Asia & Pacific,Palikir,158.185,6.91771,Lower middle income,IDA
"Middle East, North Africa, Afghanistan & Pakistan",ZQ,MEA,2023,,2025-07-01,2.15375824850238,6211.31415806527,41.6573158128924,26.8162373468738,NA,8.07886442606783,NA,NA,NA,NA,NA,NA
"Middle East, North Africa, Afghanistan & Pakistan (excluding high income)",XQ,MNA,2023,,2025-07-01,2.83836718283921,2883.86113314939,26.4956037781139,25.2331980678014,NA,8.91907614245528,NA,NA,NA,NA,NA,NA
"Middle East, North Africa, Afghanistan & Pakistan (IDA & IBRD)",T3,TMN,2023,,2025-07-01,2.89299751449825,2873.6801900417,26.5725136784151,25.2305375835286,NA,8.91907614245528,NA,NA,NA,NA,NA,NA
Middle income,XP,MIC,2023,,2025-07-01,4.8756831003947,6447.84925060964,24.0172988132272,33.6144569585504,NA,5.07162252507471,Aggregates,,,,Aggregates,Aggregates
Moldova,MD,MDA,2023,,2025-07-01,1.2,6250,35.1125857861262,20.084591001224,264.659839713206,1.555,Europe & Central Asia,Chisinau,28.8497,47.0167,Upper middle income,IBRD
Monaco,MC,MCO,2023,,2025-07-01,5.04338259195359,NA,NA,NA,NA,NA,Europe & Central Asia,Monaco,7.41891,43.7325,High income,Not classified
Mongolia,MN,MNG,2023,,2025-07-01,7.4221127615025,4870,76.2571171270924,33.9003731595217,277.162801529648,5.503,East Asia & Pacific,Ulaanbaatar,106.937,47.9129,Upper middle income,IBRD
Montenegro,ME,MNE,2023,,2025-07-01,6.33769754243548,11450,49.9515696947634,27.5972752657923,146.372185064342,14.621,Europe & Central Asia,Podgorica,19.2595,42.4602,Upper middle income,IBRD
Morocco,MA,MAR,2023,,2025-07-01,3.40334130078834,3760,42.752081172208,28.8189902949244,128.338641341941,9.044,Middle East & North Africa,Rabat,-6.8704,33.9905,Lower middle income,IBRD
Mozambique,MZ,MOZ,2023,,2025-07-01,5.4368591229252,540,45.2791164196367,19.8824088883357,237.222313580234,3.519,Sub-Saharan Africa,Maputo,32.5713,-25.9664,Low income,IDA
Myanmar,MM,MMR,2023,,2025-07-01,0.958446625126115,1230,NA,NA,NA,3.032,East Asia & Pacific,Naypyidaw,95.9562,21.914,Lower middle income,IDA
Namibia,NA,NAM,2023,,2025-07-01,4.44280603819576,4290,43.626768964325,28.0124983317695,187.907421438975,19.365,Sub-Saharan Africa,Windhoek,17.0931,-22.5648,Upper middle income,IBRD
Nauru,NR,NRU,2023,,2025-07-01,0.64641033466782,23750,43.4313310349332,NA,NA,NA,East Asia & Pacific,Yaren District,166.920867,-0.5477,High income,IBRD
Nepal,NP,NPL,2023,,2025-07-01,1.98254843628392,1430,7.00596728087278,31.1493001529726,238.106479175293,10.628,South Asia,Kathmandu,85.3157,27.6939,Lower middle income,IDA
Netherlands,NL,NLD,2023,,2025-07-01,0.0745608349011775,62540,88.5370818069331,19.9597414384989,137.666390675753,3.537,Europe & Central Asia,Amsterdam,4.89095,52.3738,High income,Not classified
New Caledonia,NC,NCL,2023,,2025-07-01,NA,NA,NA,NA,NA,10.939,East Asia & Pacific,Noum'ea,166.464,-22.2677,High income,Not classified
New Zealand,NZ,NZL,2023,,2025-07-01,1.39425181563566,48600,23.7150117429638,23.8211315596966,136.86287449004,3.729,East Asia & Pacific,Wellington,174.776,-41.2865,High income,Not classified
Nicaragua,NI,NIC,2023,,2025-07-01,4.42774384760374,2360,45.8493717732877,22.1511227447242,211.983969101511,4.716,Latin America & Caribbean,Managua,-86.2734,12.1475,Lower middle income,IDA
Niger,NE,NER,2023,,2025-07-01,1.66763406484279,640,23.7067972001129,21.6844069972649,126.251804508777,0.425,Sub-Saharan Africa,Niamey,2.1073,13.514,Low income,IDA
Nigeria,NG,NGA,2023,,2025-07-01,2.86021499108364,1880,NA,NA,524.90536465723,3.074,Sub-Saharan Africa,Abuja,7.48906,9.05804,Lower middle income,Blend
North America,XU,NAC,2023,,2025-07-01,2.78414041057677,77950.0172840059,12.6463284842799,21.7091460835109,NA,3.84073751321764,Aggregates,,,,Aggregates,Aggregates
North Macedonia,MK,MKD,2023,,2025-07-01,2.07254208845117,7900,67.8177283325146,29.6347414984856,147.9575,13.174,Europe & Central Asia,Skopje,21.4361,42.0024,Upper middle income,IBRD
Northern Mariana Islands,MP,MNP,2023,,2025-07-01,NA,NA,NA,NA,NA,NA,East Asia & Pacific,Saipan,145.765,15.1935,High income,Not classified
Norway,NO,NOR,2023,,2025-07-01,0.0721204806030329,103170,47.9120990269837,24.2545661042046,140.684100986336,3.572,Europe & Central Asia,Oslo,10.7387,59.9138,High income,Not classified
Not classified,XY,,2023,,2025-07-01,NA,NA,NA,NA,NA,NA,NA,NA,NA,NA,NA,NA
OECD members,OE,OED,2023,,2025-07-01,1.82330715907885,46422.7945273571,28.8180181999513,22.5762555178741,NA,4.8256733081016,Aggregates,,,,Aggregates,Aggregates
Oman,OM,OMN,2023,,2025-07-01,1.18713489558853,20020,61.1441440777662,26.7343535485265,119.395579550122,3.176,Middle East & North Africa,Muscat,58.5874,23.6105,High income,Not classified
Other small states,S4,OSS,2023,,2025-07-01,2.68442243093116,14484.4443810907,76.7812131791586,23.9609224404939,NA,8.42854222604094,Aggregates,,,,Aggregates,Aggregates
Pacific island small states,S2,PSS,2023,,2025-07-01,5.05453814756179,4288.41749154162,40.2682857743393,25.4777074630001,NA,3.18108550777285,Aggregates,,,,Aggregates,Aggregates
Pakistan,PK,PAK,2023,,2025-07-01,-0.0398389716673506,1460,10.4807667523804,14.0239825358492,343.42107928414,5.408,South Asia,Islamabad,72.8,30.5167,Lower middle income,Blend
Palau,PW,PLW,2023,,2025-07-01,1.87703198392599,14070,NA,NA,157.919023112983,NA,East Asia & Pacific,Koror,134.479,7.34194,High income,IBRD
Panama,PA,PAN,2023,,2025-07-01,7.39930155626219,17870,46.468393861364,37.7301749385733,127.496057864854,6.544,Latin America & Caribbean,Panama City,-79.5188,8.99427,High income,IBRD
Papua New Guinea,PG,PNG,2023,,2025-07-01,3.81088622906051,2800,NA,NA,183.94721776434,2.661,East Asia & Pacific,Port Moresby,147.194,-9.47357,Lower middle income,Blend
Paraguay,PY,PRY,2023,,2025-07-01,4.99922791130152,6200,42.0641902129296,20.1583849669119,176.14642303433,5.794,Latin America & Caribbean,Asuncion,-57.6362,-25.3005,Upper middle income,IBRD
Peru,PE,PER,2023,,2025-07-01,-0.403242151494268,7080,27.1353058241207,19.1844089781649,159.8164418433,4.899,Latin America & Caribbean,Lima,-77.0465,-12.0931,Upper middle income,IBRD
Philippines,PH,PHL,2023,,2025-07-01,5.51894967862863,4320,26.6368493470555,23.4061516163008,154.691744685736,2.222,East Asia & Pacific,Manila,121.035,14.5515,Lower middle income,IBRD
Poland,PL,POL,2023,,2025-07-01,0.249610834017872,19940,57.8812710195434,17.6684506133329,158.156080387267,2.743,Europe & Central Asia,Warsaw,21.02,52.26,High income,IBRD
Portugal,PT,PRT,2023,,2025-07-01,2.61312854351023,26160,47.5064420603708,20.4780928816205,125.991328648484,6.509,Europe & Central Asia,Lisbon,-9.13552,38.7072,High income,Not classified
Post-demographic dividend,V4,PST,2023,,2025-07-01,1.86086159205388,54106.4191608446,29.3927980366511,22.3454651994109,NA,4.46641292251013,Aggregates,,,,Aggregates,Aggregates
Pre-demographic dividend,V1,PRE,2023,,2025-07-01,2.28536883876956,1453.36669415236,27.7680597722216,NA,NA,4.7006079328224,Aggregates,,,,Aggregates,Aggregates
Puerto Rico (US),PR,PRI,2023,,2025-07-01,0.498101252480708,25270,53.6966420274551,14.3868215417107,NA,5.725,NA,NA,NA,NA,NA,NA
Qatar,QA,QAT,2023,,2025-07-01,1.18715991623776,79430,NA,NA,124.444834716253,0.13,Middle East & North Africa,Doha,51.5082,25.2948,High income,Not classified
Romania,RO,ROU,2023,,2025-07-01,2.40427177912809,16690,39.1522005491869,25.7736168430604,167.656128062128,5.589,Europe & Central Asia,Bucharest,26.0979,44.4479,High income,IBRD
Russian Federation,RU,RUS,2023,,2025-07-01,4.08252481259281,14460,22.4927119538767,27.0076136288036,NA,3.076,Europe & Central Asia,Moscow,37.6176,55.7558,High income,IBRD
Rwanda,RW,RWA,2023,,2025-07-01,8.24990302014558,1000,25.0057307202908,23.5855215423605,233.035926477338,12.352,Sub-Saharan Africa,Kigali,30.0587,-1.95325,Low income,IDA
Samoa,WS,WSM,2023,,2025-07-01,9.20864923964689,4220,28.7537995890581,37.079250211303,142.907891046662,4.977,East Asia & Pacific,Apia,-171.752,-13.8314,Lower middle income,IDA
San Marino,SM,SMR,2023,,2025-07-01,NA,NA,NA,NA,127.366895341597,NA,Europe & Central Asia,San Marino,12.4486,43.9322,High income,Not classified
Sao Tome and Principe,ST,STP,2023,,2025-07-01,0.372252775001456,2580,NA,NA,338.806590676412,9.071,Sub-Saharan Africa,Sao Tome,6.6071,0.20618,Lower middle income,IDA
Saudi Arabia,SA,SAU,2023,,2025-07-01,0.542592439393161,36330,30.2425196271434,29.2016398479372,132.362303574699,4.008,Middle East & North Africa,Riyadh,46.6977,24.6748,High income,Not classified
Senegal,SN,SEN,2023,,2025-07-01,4.2574308328029,1630,23.1064628813737,41.9268791059851,133.03284175552201,2.8,Sub-Saharan Africa,Dakar,-17.4734,14.7247,Lower middle income,IDA
Serbia,RS,SRB,2023,,2025-07-01,3.84747112784942,10760,55.0755160883541,24.615505106431,191.574158325751,8.268,Europe & Central Asia,Belgrade,20.4656,44.8024,Upper middle income,IBRD
Seychelles,SC,SYC,2023,,2025-07-01,2.25925322283285,16400,83.4083692100392,20.5743415497622,146.628294313518,NA,Sub-Saharan Africa,Victoria,55.4466,-4.6309,High income,IBRD
Sierra Leone,SL,SLE,2023,,2025-07-01,5.7100218981806,870,21.524789735152,19.7175941763597,558.166662231195,3.153,Sub-Saharan Africa,Freetown,-13.2134,8.4821,Low income,IDA
Singapore,SG,SGP,2023,,2025-07-01,1.82140694115385,69850,181.561322405378,21.2437977714338,130.049645358592,3.444,East Asia & Pacific,Singapore,103.85,1.28941,High income,Not classified
Sint Maarten (Dutch part),SX,SXM,2023,,2025-07-01,3.8,36890,NA,NA,NA,NA,Latin America & Caribbean,Philipsburg,,,High income,Not classified
Slovak Republic,SK,SVK,2023,,2025-07-01,2.16814911569574,23100,91.2776728440445,19.808918092945,151.172459670713,5.84,Europe & Central Asia,Bratislava,17.1073,48.1484,High income,Not classified
Slovenia,SI,SVN,2023,,2025-07-01,2.11259098460627,30990,83.2510531969521,22.2261745390109,132.278285436807,3.652,Europe & Central Asia,Ljubljana,14.5044,46.0546,High income,Not classified
Small states,S1,SST,2023,,2025-07-01,4.65816169044298,13688.7988172121,76.1796637712281,22.9383169431041,NA,7.66609051270784,Aggregates,,,,Aggregates,Aggregates
Solomon Islands,SB,SLB,2023,,2025-07-01,2.65636186734713,2110,NA,NA,152.897744832961,1.455,East Asia & Pacific,Honiara,159.949,-9.42676,Lower middle income,IDA
Somalia,SO,SOM,2023,,2025-07-01,4.21638432610854,590,19.7336576333791,22.378420344893,NA,18.941,Sub-Saharan Africa,Mogadishu,45.3254,2.07515,Low income,IDA
South Africa,ZA,ZAF,2023,,2025-07-01,0.698485193724835,6480,32.7545268675424,15.5380933764905,194.89674005803,32.098,Sub-Saharan Africa,Pretoria,28.1871,-25.746,Upper middle income,IBRD
South Asia,8S,SAS,2023,,2025-07-01,8.50511785369001,2603.0070495754,20.5191574092654,32.9235790104128,NA,4.30525176596245,Aggregates,,,,Aggregates,Aggregates
South Asia (IDA & IBRD),T5,TSA,2023,,2025-07-01,8.50511785369001,2603.0070495754,20.5191574092654,32.9235790104128,NA,4.30525176596245,Aggregates,,,,Aggregates,Aggregates
South Sudan,SS,SSD,2023,,2025-07-01,NA,NA,NA,NA,21563.1855553078,12.477,Sub-Saharan Africa,Juba,31.6,4.85,Low income,IDA
Spain,ES,ESP,2023,,2025-07-01,2.6756634629066,32940,38.0592582111746,21.004602475833,127.957434718697,12.179,Europe & Central Asia,Madrid,-3.70327,40.4167,High income,Not classified
Sri Lanka,LK,LKA,2023,,2025-07-01,-2.3298481898334,3530,20.689136230194,24.5850342832275,308.285687553672,5.997,South Asia,Colombo,79.8528,6.92148,Lower middle income,IDA
St. Kitts and Nevis,KN,KNA,2023,,2025-07-01,4.32855771559805,22020,NA,NA,110.823845926704,NA,Latin America & Caribbean,Basseterre,-62.7309,17.3,High income,IBRD
St. Lucia,LC,LCA,2023,,2025-07-01,2.20988276526516,12440,NA,NA,123.326412840445,11.092,Latin America & Caribbean,Castries,-60.9832,14,Upper middle income,Blend
St. Martin (French part),MF,MAF,2023,,2025-07-01,NA,NA,NA,NA,NA,NA,Latin America & Caribbean,Marigot,,,High income,Not classified
St. Vincent and the Grenadines,VC,VCT,2023,,2025-07-01,5.32636472098717,10380,NA,NA,123.411122144985,18.574,Latin America & Caribbean,Kingstown,-61.2653,13.2035,Upper middle income,Blend
Sub-Saharan Africa,ZG,SSF,2023,,2025-07-01,2.57466153784,1618.77616248784,26.2577191814884,24.6603371979085,NA,5.88775361694401,NA,NA,NA,NA,NA,NA
Sub-Saharan Africa (excluding high income),ZF,SSA,2023,,2025-07-01,2.34397090114793,1675.25555955705,27.8704386374281,24.4023221104999,NA,6.1814480975101,Aggregates,,,,Aggregates,Aggregates
Sub-Saharan Africa (IDA & IBRD countries),T6,TSS,2023,,2025-07-01,2.57466153784003,1618.77616248784,26.2577191814883,24.6603371979085,NA,5.88775361694401,Aggregates,,,,Aggregates,Aggregates
Sudan,SD,SDN,2023,,2025-07-01,-29.4332718325149,640,1.10810859308483,2.17279846218936,NA,NA,Sub-Saharan Africa,Khartoum,32.5363,15.5932,Low income,IDA
Suriname,SR,SUR,2023,,2025-07-01,2.53956675446825,5200,NA,NA,1461.62458068448,7.631,Latin America & Caribbean,Paramaribo,-55.1679,5.8232,Upper middle income,Blend
Sweden,SE,SWE,2023,,2025-07-01,-0.114161935397789,60910,55.3822247813677,24.8620967031828,133.468331831819,7.611,Europe & Central Asia,Stockholm,18.0645,59.3327,High income,Not classified
Switzerland,CH,CHE,2023,,2025-07-01,0.683328174376044,95750,73.3331587674762,25.9871467150257,104.400030506506,4.043,Europe & Central Asia,Bern,7.44821,46.948,High income,Not classified
Syrian Arab Republic,SY,SYR,2023,,2025-07-01,-1.20726420279644,770,NA,NA,NA,13.187,Middle East & North Africa,Damascus,36.3119,33.5146,Low income,IDA
Tajikistan,TJ,TJK,2023,,2025-07-01,8.29999921651935,1400,17.1918374601415,31.6513056719952,NA,11.546,Europe & Central Asia,Dushanbe,68.7864,38.5878,Lower middle income,IDA
Tanzania,TZ,TZA,2023,,2025-07-01,5.06952353203394,1220,17.1954298762755,41.0023887360591,217.433986576543,2.582,Sub-Saharan Africa,Dodoma,35.7382,-6.17486,Lower middle income,IDA
Thailand,TH,THA,2023,,2025-07-01,2.01775095328327,7190,65.4445629404008,22.4605099910508,121.341540267918,0.733,East Asia & Pacific,Bangkok,100.521,13.7308,Upper middle income,IBRD
Timor-Leste,TL,TLS,2023,,2025-07-01,-18.1247909563732,2020,22.9254879280638,20.4848904326413,177.447454282694,1.521,East Asia & Pacific,Dili,125.567,-8.56667,Lower middle income,Blend
Togo,TG,TGO,2023,,2025-07-01,6.40792215636242,1000,23.9052239704764,22.9544796791665,136.714926377564,1.948,Sub-Saharan Africa,Lome,1.2255,6.1228,Low income,IDA
Tonga,TO,TON,2023,,2025-07-01,2.08415583636545,5520,18.7507071574942,26.9902612154889,159.993300024419,2.262,East Asia & Pacific,Nuku'alofa,-175.216,-21.136,Upper middle income,IDA
Trinidad and Tobago,TT,TTO,2023,,2025-07-01,1.42711339770401,20070,NA,NA,162.763941221304,4.21,Latin America & Caribbean,Port-of-Spain,-61.4789,10.6596,High income,IBRD
Tunisia,TN,TUN,2023,,2025-07-01,0.0391565674939329,3850,53.6733070283897,7.77191516421886,205.370262060998,15.106,Middle East & North Africa,Tunis,10.21,36.7899,Lower middle income,IBRD
Turkiye,TR,TUR,2023,,2025-07-01,5.11116818488702,11730,31.9158356904098,29.9641679336776,834.593142750374,9.388,Europe & Central Asia,Ankara,32.3606,39.7153,Upper middle income,IBRD
Turkmenistan,TM,TKM,2023,,2025-07-01,6.30015758549871,8250,21.6245210908525,NA,NA,4.099,Europe & Central Asia,Ashgabat,58.3794,37.9509,Upper middle income,IBRD
Turks and Caicos Islands,TC,TCA,2023,,2025-07-01,13.7311481139228,34690,NA,NA,NA,NA,Latin America & Caribbean,Grand Turk,-71.141389,21.4602778,High income,Not classified
Tuvalu,TV,TUV,2023,,2025-07-01,3.85280919517032,8770,NA,NA,NA,NA,East Asia & Pacific,Funafuti,179.089567,-8.6314877,Upper middle income,IDA
Uganda,UG,UGA,2023,,2025-07-01,5.33697295511469,970,11.6017089255499,22.8160132458418,209.931348222214,2.787,Sub-Saharan Africa,Kampala,32.5729,0.314269,Low income,IDA
Ukraine,UA,UKR,2023,,2025-07-01,5.53473354745886,4980,28.300468273727,18.0705046393604,429.185402974749,NA,Europe & Central Asia,Kiev,30.5038,50.4536,Upper middle income,IBRD
United Arab Emirates,AE,ARE,2023,,2025-07-01,3.61870653118159,49020,108.610871395566,27.0786563226145,120.213669474403,2.151,Middle East & North Africa,Abu Dhabi,54.3705,24.4764,High income,Not classified
United Kingdom,GB,GBR,2023,,2025-07-01,0.39708234553963,48560,31.9794112168664,17.2186700649347,142.740891437026,3.984,Europe & Central Asia,London,-0.126236,51.5002,High income,Not classified
United States,US,USA,2023,,2025-07-01,2.88755600905984,80710,11.0115112856601,21.5410327347688,139.73579356326,3.638,North America,Washington D.C.,-77.032,38.8895,High income,Not classified
Upper middle income,XT,,2023,,2025-07-01,4.58498208066551,10743.5876675825,23.4045442032638,34.2305408617286,NA,5.66241186217702,NA,NA,NA,NA,NA,NA
Uruguay,UY,URY,2023,,2025-07-01,0.742128785315927,19850,28.1403012343037,17.5353424867451,277.191092046658,8.355,Latin America & Caribbean,Montevideo,-56.0675,-34.8941,High income,IBRD
Uzbekistan,UZ,UZB,2023,,2025-07-01,6.29141635082311,2750,24.4247464665454,34.6156267803295,435.050539874052,4.46,Europe & Central Asia,Tashkent,69.269,41.3052,Lower middle income,Blend
Vanuatu,VU,VUT,2023,,2025-07-01,-0.964792281661744,3830,NA,NA,149.758780092255,5.082,East Asia & Pacific,Port-Vila,168.321,-17.7404,Lower middle income,IDA
"Venezuela, RB",VE,VEN,2023,,2025-07-01,NA,NA,NA,NA,NA,5.485,Latin America & Caribbean,Caracas,-69.8371,9.08165,Not classified,IBRD
Viet Nam,VN,VNM,2023,,2025-07-01,5.06502391455075,4150,86.4674192371297,31.6465959765628,183.073410082137,1.645,East Asia & Pacific,Hanoi,105.825,21.0069,Lower middle income,IBRD
Virgin Islands (U.S.),VI,VIR,2023,,2025-07-01,NA,NA,NA,NA,NA,12.32,Latin America & Caribbean,Charlotte Amalie,-64.8963,18.3358,High income,Not classified
West Bank and Gaza,PS,PSE,2023,,2025-07-01,-4.55580428525744,4310,17.745505073426,25.5974092190118,124.18798049845,NA,Middle East & North Africa,,,,Lower middle income,Not classified
World,1W,WLD,2023,,2025-07-01,2.94333273070453,13332.5879022149,29.1200460430495,26.4887122224589,NA,4.91595406904833,Aggregates,,,,Aggregates,Aggregates
"Yemen, Rep.",YE,YEM,2023,,2025-07-01,NA,NA,NA,NA,NA,17.091,Middle East & North Africa,Sana'a,44.2075,15.352,Low income,IDA
Zambia,ZM,ZMB,2023,,2025-07-01,5.36794285493059,1290,40.8461239686718,31.4450686240954,369.000077035667,5.905,Sub-Saharan Africa,Lusaka,28.2937,-15.3982,Lower middle income,IDA
Zimbabwe,ZW,ZWE,2023,,2025-07-01,5.33677037339527,2060,21.579400340811,16.274039875624698,NA,8.759,Sub-Saharan Africa,Harare,31.0672,-17.8312,Lower middle income,Blend
